,data,loss,timestamp,checkpoint_dir_name,done,training_iteration,trial_id,date,time_this_iter_s,time_total_s,pid,hostname,node_ip,time_since_restore,iterations_since_restore,config/ou_tuple,config/saveFolder,config/simLabel,logdir
0,"saveFolder    ./exp_results/its4_10x10_large
simLabel              its4_10x10_large_00000
ou_tuple                        [-0.05, 0.0]
ITS4                                     0.0
loss                                     700
dtype: object",700,1744935405,,False,1,378d8_00000,2025-04-17_20-16-45,74.28630447387695,74.28630447387695,2670429,node08,10.0.0.8,74.28630447387695,1,"(-0.05, 0.0)",./exp_results/its4_10x10_large,its4_10x10_large_00000,378d8_00000
1,"saveFolder    ./exp_results/its4_10x10_large
simLabel              its4_10x10_large_00001
ou_tuple       [-0.05, 0.005555555555555001]
ITS4                                     0.0
loss                                     700
dtype: object",700,1744935441,,False,1,378d8_00001,2025-04-17_20-17-21,110.39709615707397,110.39709615707397,2670436,node08,10.0.0.8,110.39709615707397,1,"(-0.05, 0.0055555555555555)",./exp_results/its4_10x10_large,its4_10x10_large_00001,378d8_00001
2,"saveFolder    ./exp_results/its4_10x10_large
simLabel              its4_10x10_large_00002
ou_tuple          [-0.05, 0.011111111111111]
ITS4                                     0.0
loss                                     700
dtype: object",700,1744935403,,False,1,378d8_00002,2025-04-17_20-16-43,72.5636579990387,72.5636579990387,2670453,node08,10.0.0.8,72.5636579990387,1,"(-0.05, 0.0111111111111111)",./exp_results/its4_10x10_large,its4_10x10_large_00002,378d8_00002
3,"saveFolder    ./exp_results/its4_10x10_large
simLabel              its4_10x10_large_00003
ou_tuple          [-0.05, 0.016666666666666]
ITS4                                0.010753
loss                                     700
dtype: object",700,1744935403,,False,1,378d8_00003,2025-04-17_20-16-43,72.43906903266907,72.43906903266907,2670486,node08,10.0.0.8,72.43906903266907,1,"(-0.05, 0.0166666666666666)",./exp_results/its4_10x10_large,its4_10x10_large_00003,378d8_00003
4,"saveFolder    ./exp_results/its4_10x10_large
simLabel              its4_10x10_large_00004
ou_tuple          [-0.05, 0.022222222222222]
ITS4                                0.391876
loss                                     700
dtype: object",700,1744935404,,False,1,378d8_00004,2025-04-17_20-16-44,73.2436785697937,73.2436785697937,2670500,node08,10.0.0.8,73.2436785697937,1,"(-0.05, 0.0222222222222222)",./exp_results/its4_10x10_large,its4_10x10_large_00004,378d8_00004
5,"saveFolder    ./exp_results/its4_10x10_large
simLabel              its4_10x10_large_00005
ou_tuple       [-0.05, 0.027777777777777003]
ITS4                                1.872162
loss                                     700
dtype: object",700,1744935407,,False,1,378d8_00005,2025-04-17_20-16-47,76.0868935585022,76.0868935585022,2670520,node08,10.0.0.8,76.0868935585022,1,"(-0.05, 0.0277777777777777)",./exp_results/its4_10x10_large,its4_10x10_large_00005,378d8_00005
6,"saveFolder    ./exp_results/its4_10x10_large
simLabel              its4_10x10_large_00006
ou_tuple          [-0.05, 0.033333333333333]
ITS4                                4.332139
loss                                     700
dtype: object",700,1744935407,,False,1,378d8_00006,2025-04-17_20-16-47,76.61591744422913,76.61591744422913,2670521,node08,10.0.0.8,76.61591744422913,1,"(-0.05, 0.0333333333333333)",./exp_results/its4_10x10_large,its4_10x10_large_00006,378d8_00006
7,"saveFolder    ./exp_results/its4_10x10_large
simLabel              its4_10x10_large_00007
ou_tuple          [-0.05, 0.038888888888888]
ITS4                                7.348865
loss                                     700
dtype: object",700,1744935407,,False,1,378d8_00007,2025-04-17_20-16-47,76.70889258384705,76.70889258384705,2670570,node08,10.0.0.8,76.70889258384705,1,"(-0.05, 0.0388888888888888)",./exp_results/its4_10x10_large,its4_10x10_large_00007,378d8_00007
8,"saveFolder    ./exp_results/its4_10x10_large
simLabel              its4_10x10_large_00008
ou_tuple          [-0.05, 0.044444444444444]
ITS4                               10.405018
loss                                     700
dtype: object",700,1744935408,,False,1,378d8_00008,2025-04-17_20-16-48,76.93913960456848,76.93913960456848,2670571,node08,10.0.0.8,76.93913960456848,1,"(-0.05, 0.0444444444444444)",./exp_results/its4_10x10_large,its4_10x10_large_00008,378d8_00008
9,"saveFolder    ./exp_results/its4_10x10_large
simLabel              its4_10x10_large_00009
ou_tuple                       [-0.05, 0.05]
ITS4                               13.296296
loss                                     700
dtype: object",700,1744935408,,False,1,378d8_00009,2025-04-17_20-16-48,77.78661680221558,77.78661680221558,2670572,node08,10.0.0.8,77.78661680221558,1,"(-0.05, 0.05)",./exp_results/its4_10x10_large,its4_10x10_large_00009,378d8_00009
10,"saveFolder    ./exp_results/its4_10x10_large
simLabel              its4_10x10_large_00010
ou_tuple           [-0.037777777777777, 0.0]
ITS4                                     0.0
loss                                     700
dtype: object",700,1744935402,,False,1,378d8_00010,2025-04-17_20-16-42,71.7855281829834,71.7855281829834,2670589,node08,10.0.0.8,71.7855281829834,1,"(-0.0377777777777777, 0.0)",./exp_results/its4_10x10_large,its4_10x10_large_00010,378d8_00010
11,"saveFolder                ./exp_results/its4_10x10_large
simLabel                          its4_10x10_large_00011
ou_tuple      [-0.037777777777777, 0.005555555555555001]
ITS4                                                 0.0
loss                                                 700
dtype: object",700,1744935403,,False,1,378d8_00011,2025-04-17_20-16-43,71.99531722068787,71.99531722068787,2670622,node08,10.0.0.8,71.99531722068787,1,"(-0.0377777777777777, 0.0055555555555555)",./exp_results/its4_10x10_large,its4_10x10_large_00011,378d8_00011
12,"saveFolder             ./exp_results/its4_10x10_large
simLabel                       its4_10x10_large_00012
ou_tuple      [-0.037777777777777, 0.011111111111111]
ITS4                                         0.002389
loss                                              700
dtype: object",700,1744935405,,False,1,378d8_00012,2025-04-17_20-16-45,74.40583157539368,74.40583157539368,2670623,node08,10.0.0.8,74.40583157539368,1,"(-0.0377777777777777, 0.0111111111111111)",./exp_results/its4_10x10_large,its4_10x10_large_00012,378d8_00012
13,"saveFolder             ./exp_results/its4_10x10_large
simLabel                       its4_10x10_large_00013
ou_tuple      [-0.037777777777777, 0.016666666666666]
ITS4                                         0.218638
loss                                              700
dtype: object",700,1744935477,,False,1,378d8_00013,2025-04-17_20-17-57,69.96170711517334,69.96170711517334,2679191,node08,10.0.0.8,69.96170711517334,1,"(-0.0377777777777777, 0.0166666666666666)",./exp_results/its4_10x10_large,its4_10x10_large_00013,378d8_00013
14,"saveFolder             ./exp_results/its4_10x10_large
simLabel                       its4_10x10_large_00014
ou_tuple      [-0.037777777777777, 0.022222222222222]
ITS4                                         1.913978
loss                                              700
dtype: object",700,1744935478,,False,1,378d8_00014,2025-04-17_20-17-58,70.67945981025696,70.67945981025696,2679202,node08,10.0.0.8,70.67945981025696,1,"(-0.0377777777777777, 0.0222222222222222)",./exp_results/its4_10x10_large,its4_10x10_large_00014,378d8_00014
15,"saveFolder                ./exp_results/its4_10x10_large
simLabel                          its4_10x10_large_00015
ou_tuple      [-0.037777777777777, 0.027777777777777003]
ITS4                                            4.976105
loss                                                 700
dtype: object",700,1744935479,,False,1,378d8_00015,2025-04-17_20-17-59,71.23868417739868,71.23868417739868,2679204,node08,10.0.0.8,71.23868417739868,1,"(-0.0377777777777777, 0.0277777777777777)",./exp_results/its4_10x10_large,its4_10x10_large_00015,378d8_00015
16,"saveFolder             ./exp_results/its4_10x10_large
simLabel                       its4_10x10_large_00016
ou_tuple      [-0.037777777777777, 0.033333333333333]
ITS4                                         8.634409
loss                                              700
dtype: object",700,1744935482,,False,1,378d8_00016,2025-04-17_20-18-02,74.35179162025452,74.35179162025452,2679238,node08,10.0.0.8,74.35179162025452,1,"(-0.0377777777777777, 0.0333333333333333)",./exp_results/its4_10x10_large,its4_10x10_large_00016,378d8_00016
17,"saveFolder             ./exp_results/its4_10x10_large
simLabel                       its4_10x10_large_00017
ou_tuple      [-0.037777777777777, 0.038888888888888]
ITS4                                        12.189964
loss                                              700
dtype: object",700,1744935484,,False,1,378d8_00017,2025-04-17_20-18-04,75.31017708778381,75.31017708778381,2679378,node08,10.0.0.8,75.31017708778381,1,"(-0.0377777777777777, 0.0388888888888888)",./exp_results/its4_10x10_large,its4_10x10_large_00017,378d8_00017
18,"saveFolder             ./exp_results/its4_10x10_large
simLabel                       its4_10x10_large_00018
ou_tuple      [-0.037777777777777, 0.044444444444444]
ITS4                                        15.278375
loss                                              700
dtype: object",700,1744935487,,False,1,378d8_00018,2025-04-17_20-18-07,76.55897998809814,76.55897998809814,2679500,node08,10.0.0.8,76.55897998809814,1,"(-0.0377777777777777, 0.0444444444444444)",./exp_results/its4_10x10_large,its4_10x10_large_00018,378d8_00018
19,"saveFolder    ./exp_results/its4_10x10_large
simLabel              its4_10x10_large_00019
ou_tuple          [-0.037777777777777, 0.05]
ITS4                               17.967742
loss                                     700
dtype: object",700,1744935491,,False,1,378d8_00019,2025-04-17_20-18-11,81.1128478050232,81.1128478050232,2679502,node08,10.0.0.8,81.1128478050232,1,"(-0.0377777777777777, 0.05)",./exp_results/its4_10x10_large,its4_10x10_large_00019,378d8_00019
20,"saveFolder    ./exp_results/its4_10x10_large
simLabel              its4_10x10_large_00020
ou_tuple        [-0.025555555555555002, 0.0]
ITS4                                     0.0
loss                                     700
dtype: object",700,1744935483,,False,1,378d8_00020,2025-04-17_20-18-03,70.33179688453674,70.33179688453674,2679677,node08,10.0.0.8,70.33179688453674,1,"(-0.0255555555555555, 0.0)",./exp_results/its4_10x10_large,its4_10x10_large_00020,378d8_00020
21,"saveFolder                   ./exp_results/its4_10x10_large
simLabel                             its4_10x10_large_00021
ou_tuple      [-0.025555555555555002, 0.005555555555555001]
ITS4                                                    0.0
loss                                                    700
dtype: object",700,1744935491,,False,1,378d8_00021,2025-04-17_20-18-11,77.19196367263794,77.19196367263794,2679721,node08,10.0.0.8,77.19196367263794,1,"(-0.0255555555555555, 0.0055555555555555)",./exp_results/its4_10x10_large,its4_10x10_large_00021,378d8_00021
22,"saveFolder                ./exp_results/its4_10x10_large
simLabel                          its4_10x10_large_00022
ou_tuple      [-0.025555555555555002, 0.011111111111111]
ITS4                                            0.087216
loss                                                 700
dtype: object",700,1744935483,,False,1,378d8_00022,2025-04-17_20-18-03,69.37015628814697,69.37015628814697,2679920,node08,10.0.0.8,69.37015628814697,1,"(-0.0255555555555555, 0.0111111111111111)",./exp_results/its4_10x10_large,its4_10x10_large_00022,378d8_00022
23,"saveFolder                ./exp_results/its4_10x10_large
simLabel                          its4_10x10_large_00023
ou_tuple      [-0.025555555555555002, 0.016666666666666]
ITS4                                            2.072879
loss                                                 700
dtype: object",700,1744935487,,False,1,378d8_00023,2025-04-17_20-18-07,72.43136429786682,72.43136429786682,2680182,node08,10.0.0.8,72.43136429786682,1,"(-0.0255555555555555, 0.0166666666666666)",./exp_results/its4_10x10_large,its4_10x10_large_00023,378d8_00023
24,"saveFolder                ./exp_results/its4_10x10_large
simLabel                          its4_10x10_large_00024
ou_tuple      [-0.025555555555555002, 0.022222222222222]
ITS4                                            6.229391
loss                                                 700
dtype: object",700,1744935489,,False,1,378d8_00024,2025-04-17_20-18-09,73.82790207862854,73.82790207862854,2681733,node08,10.0.0.8,73.82790207862854,1,"(-0.0255555555555555, 0.0222222222222222)",./exp_results/its4_10x10_large,its4_10x10_large_00024,378d8_00024
25,"saveFolder                   ./exp_results/its4_10x10_large
simLabel                             its4_10x10_large_00025
ou_tuple      [-0.025555555555555002, 0.027777777777777003]
ITS4                                              10.710872
loss                                                    700
dtype: object",700,1744935515,,False,1,378d8_00025,2025-04-17_20-18-35,69.99930429458618,69.99930429458618,2687123,node08,10.0.0.8,69.99930429458618,1,"(-0.0255555555555555, 0.0277777777777777)",./exp_results/its4_10x10_large,its4_10x10_large_00025,378d8_00025
26,"saveFolder                ./exp_results/its4_10x10_large
simLabel                          its4_10x10_large_00026
ou_tuple      [-0.025555555555555002, 0.033333333333333]
ITS4                                           14.749104
loss                                                 700
dtype: object",700,1744935554,,False,1,378d8_00026,2025-04-17_20-19-14,72.666100025177,72.666100025177,2687763,node08,10.0.0.8,72.666100025177,1,"(-0.0255555555555555, 0.0333333333333333)",./exp_results/its4_10x10_large,its4_10x10_large_00026,378d8_00026
27,"saveFolder                ./exp_results/its4_10x10_large
simLabel                          its4_10x10_large_00027
ou_tuple      [-0.025555555555555002, 0.038888888888888]
ITS4                                           17.967742
loss                                                 700
dtype: object",700,1744935556,,False,1,378d8_00027,2025-04-17_20-19-16,74.04738330841064,74.04738330841064,2687788,node08,10.0.0.8,74.04738330841064,1,"(-0.0255555555555555, 0.0388888888888888)",./exp_results/its4_10x10_large,its4_10x10_large_00027,378d8_00027
28,"saveFolder                ./exp_results/its4_10x10_large
simLabel                          its4_10x10_large_00028
ou_tuple      [-0.025555555555555002, 0.044444444444444]
ITS4                                           20.876941
loss                                                 700
dtype: object",700,1744935558,,False,1,378d8_00028,2025-04-17_20-19-18,74.60893154144287,74.60893154144287,2687848,node08,10.0.0.8,74.60893154144287,1,"(-0.0255555555555555, 0.0444444444444444)",./exp_results/its4_10x10_large,its4_10x10_large_00028,378d8_00028
29,"saveFolder    ./exp_results/its4_10x10_large
simLabel              its4_10x10_large_00029
ou_tuple       [-0.025555555555555002, 0.05]
ITS4                               23.080048
loss                                     700
dtype: object",700,1744935562,,False,1,378d8_00029,2025-04-17_20-19-22,75.16860437393188,75.16860437393188,2688589,node08,10.0.0.8,75.16860437393188,1,"(-0.0255555555555555, 0.05)",./exp_results/its4_10x10_large,its4_10x10_large_00029,378d8_00029
30,"saveFolder    ./exp_results/its4_10x10_large
simLabel              its4_10x10_large_00030
ou_tuple        [-0.013333333333333001, 0.0]
ITS4                                     0.0
loss                                     700
dtype: object",700,1744935557,,False,1,378d8_00030,2025-04-17_20-19-17,69.09486842155457,69.09486842155457,2689165,node08,10.0.0.8,69.09486842155457,1,"(-0.0133333333333333, 0.0)",./exp_results/its4_10x10_large,its4_10x10_large_00030,378d8_00030
31,"saveFolder                   ./exp_results/its4_10x10_large
simLabel                             its4_10x10_large_00031
ou_tuple      [-0.013333333333333001, 0.005555555555555001]
ITS4                                               0.007168
loss                                                    700
dtype: object",700,1744935556,,False,1,378d8_00031,2025-04-17_20-19-16,67.31021404266357,67.31021404266357,2689596,node08,10.0.0.8,67.31021404266357,1,"(-0.0133333333333333, 0.0055555555555555)",./exp_results/its4_10x10_large,its4_10x10_large_00031,378d8_00031
32,"saveFolder                ./exp_results/its4_10x10_large
simLabel                          its4_10x10_large_00032
ou_tuple      [-0.013333333333333001, 0.011111111111111]
ITS4                                            2.732378
loss                                                 700
dtype: object",700,1744935559,,False,1,378d8_00032,2025-04-17_20-19-19,69.26149559020996,69.26149559020996,2689925,node08,10.0.0.8,69.26149559020996,1,"(-0.0133333333333333, 0.0111111111111111)",./exp_results/its4_10x10_large,its4_10x10_large_00032,378d8_00032
33,"saveFolder                ./exp_results/its4_10x10_large
simLabel                          its4_10x10_large_00033
ou_tuple      [-0.013333333333333001, 0.016666666666666]
ITS4                                            8.935484
loss                                                 700
dtype: object",700,1744935564,,False,1,378d8_00033,2025-04-17_20-19-24,71.11162757873535,71.11162757873535,2690107,node08,10.0.0.8,71.11162757873535,1,"(-0.0133333333333333, 0.0166666666666666)",./exp_results/its4_10x10_large,its4_10x10_large_00033,378d8_00033
34,"saveFolder                ./exp_results/its4_10x10_large
simLabel                          its4_10x10_large_00034
ou_tuple      [-0.013333333333333001, 0.022222222222222]
ITS4                                           14.448029
loss                                                 700
dtype: object",700,1744935591,,False,1,378d8_00034,2025-04-17_20-19-51,97.88533663749695,97.88533663749695,2690112,node08,10.0.0.8,97.88533663749695,1,"(-0.0133333333333333, 0.0222222222222222)",./exp_results/its4_10x10_large,its4_10x10_large_00034,378d8_00034
35,"saveFolder                   ./exp_results/its4_10x10_large
simLabel                             its4_10x10_large_00035
ou_tuple      [-0.013333333333333001, 0.027777777777777003]
ITS4                                               18.67503
loss                                                    700
dtype: object",700,1744935591,,False,1,378d8_00035,2025-04-17_20-19-51,95.72601342201233,95.72601342201233,2691810,node08,10.0.0.8,95.72601342201233,1,"(-0.0133333333333333, 0.0277777777777777)",./exp_results/its4_10x10_large,its4_10x10_large_00035,378d8_00035
36,"saveFolder                ./exp_results/its4_10x10_large
simLabel                          its4_10x10_large_00036
ou_tuple      [-0.013333333333333001, 0.033333333333333]
ITS4                                           21.892473
loss                                                 700
dtype: object",700,1744935571,,False,1,378d8_00036,2025-04-17_20-19-31,74.20927143096924,74.20927143096924,2692626,node08,10.0.0.8,74.20927143096924,1,"(-0.0133333333333333, 0.0333333333333333)",./exp_results/its4_10x10_large,its4_10x10_large_00036,378d8_00036
37,"saveFolder                ./exp_results/its4_10x10_large
simLabel                          its4_10x10_large_00037
ou_tuple      [-0.013333333333333001, 0.038888888888888]
ITS4                                           24.264038
loss                                                 700
dtype: object",700,1744935570,,False,1,378d8_00037,2025-04-17_20-19-30,73.51620602607727,73.51620602607727,2692631,node08,10.0.0.8,73.51620602607727,1,"(-0.0133333333333333, 0.0388888888888888)",./exp_results/its4_10x10_large,its4_10x10_large_00037,378d8_00037
38,"saveFolder                ./exp_results/its4_10x10_large
simLabel                          its4_10x10_large_00038
ou_tuple      [-0.013333333333333001, 0.044444444444444]
ITS4                                           26.119474
loss                                                 700
dtype: object",700,1744935595,,False,1,378d8_00038,2025-04-17_20-19-55,73.53240466117859,73.53240466117859,2695743,node08,10.0.0.8,73.53240466117859,1,"(-0.0133333333333333, 0.0444444444444444)",./exp_results/its4_10x10_large,its4_10x10_large_00038,378d8_00038
39,"saveFolder    ./exp_results/its4_10x10_large
simLabel              its4_10x10_large_00039
ou_tuple       [-0.013333333333333001, 0.05]
ITS4                               27.746714
loss                                     700
dtype: object",700,1744935691,,False,1,378d8_00039,2025-04-17_20-21-31,133.04257535934448,133.04257535934448,2696422,node08,10.0.0.8,133.04257535934448,1,"(-0.0133333333333333, 0.05)",./exp_results/its4_10x10_large,its4_10x10_large_00039,378d8_00039
40,"saveFolder    ./exp_results/its4_10x10_large
simLabel              its4_10x10_large_00040
ou_tuple           [-0.001111111111111, 0.0]
ITS4                                     0.0
loss                                     700
dtype: object",700,1744935629,,False,1,378d8_00040,2025-04-17_20-20-29,68.81811857223511,68.81811857223511,2696520,node08,10.0.0.8,68.81811857223511,1,"(-0.0011111111111111, 0.0)",./exp_results/its4_10x10_large,its4_10x10_large_00040,378d8_00040
41,"saveFolder                ./exp_results/its4_10x10_large
simLabel                          its4_10x10_large_00041
ou_tuple      [-0.001111111111111, 0.005555555555555001]
ITS4                                              7.0681
loss                                                 700
dtype: object",700,1744935633,,False,1,378d8_00041,2025-04-17_20-20-33,71.87524199485779,71.87524199485779,2696522,node08,10.0.0.8,71.87524199485779,1,"(-0.0011111111111111, 0.0055555555555555)",./exp_results/its4_10x10_large,its4_10x10_large_00041,378d8_00041
42,"saveFolder             ./exp_results/its4_10x10_large
simLabel                       its4_10x10_large_00042
ou_tuple      [-0.001111111111111, 0.011111111111111]
ITS4                                        15.424134
loss                                              700
dtype: object",700,1744935635,,False,1,378d8_00042,2025-04-17_20-20-35,73.81871795654297,73.81871795654297,2696536,node08,10.0.0.8,73.81871795654297,1,"(-0.0011111111111111, 0.0111111111111111)",./exp_results/its4_10x10_large,its4_10x10_large_00042,378d8_00042
43,"saveFolder             ./exp_results/its4_10x10_large
simLabel                       its4_10x10_large_00043
ou_tuple      [-0.001111111111111, 0.016666666666666]
ITS4                                        20.537634
loss                                              700
dtype: object",700,1744935636,,False,1,378d8_00043,2025-04-17_20-20-36,74.02664065361023,74.02664065361023,2696657,node08,10.0.0.8,74.02664065361023,1,"(-0.0011111111111111, 0.0166666666666666)",./exp_results/its4_10x10_large,its4_10x10_large_00043,378d8_00043
44,"saveFolder             ./exp_results/its4_10x10_large
simLabel                       its4_10x10_large_00044
ou_tuple      [-0.001111111111111, 0.022222222222222]
ITS4                                        24.424134
loss                                              700
dtype: object",700,1744935638,,False,1,378d8_00044,2025-04-17_20-20-38,74.41060996055603,74.41060996055603,2697385,node08,10.0.0.8,74.41060996055603,1,"(-0.0011111111111111, 0.0222222222222222)",./exp_results/its4_10x10_large,its4_10x10_large_00044,378d8_00044
45,"saveFolder                ./exp_results/its4_10x10_large
simLabel                          its4_10x10_large_00045
ou_tuple      [-0.001111111111111, 0.027777777777777003]
ITS4                                           26.671446
loss                                                 700
dtype: object",700,1744935642,,False,1,378d8_00045,2025-04-17_20-20-42,75.54165434837341,75.54165434837341,2699511,node08,10.0.0.8,75.54165434837341,1,"(-0.0011111111111111, 0.0277777777777777)",./exp_results/its4_10x10_large,its4_10x10_large_00045,378d8_00045
46,"saveFolder             ./exp_results/its4_10x10_large
simLabel                       its4_10x10_large_00046
ou_tuple      [-0.001111111111111, 0.033333333333333]
ITS4                                         28.32736
loss                                              700
dtype: object",700,1744935645,,False,1,378d8_00046,2025-04-17_20-20-45,76.09917831420898,76.09917831420898,2699993,node08,10.0.0.8,76.09917831420898,1,"(-0.0011111111111111, 0.0333333333333333)",./exp_results/its4_10x10_large,its4_10x10_large_00046,378d8_00046
47,"saveFolder             ./exp_results/its4_10x10_large
simLabel                       its4_10x10_large_00047
ou_tuple      [-0.001111111111111, 0.038888888888888]
ITS4                                        29.550777
loss                                              700
dtype: object",700,1744935651,,False,1,378d8_00047,2025-04-17_20-20-51,75.07938814163208,75.07938814163208,2701681,node08,10.0.0.8,75.07938814163208,1,"(-0.0011111111111111, 0.0388888888888888)",./exp_results/its4_10x10_large,its4_10x10_large_00047,378d8_00047
48,"saveFolder             ./exp_results/its4_10x10_large
simLabel                       its4_10x10_large_00048
ou_tuple      [-0.001111111111111, 0.044444444444444]
ITS4                                        30.611708
loss                                              700
dtype: object",700,1744935651,,False,1,378d8_00048,2025-04-17_20-20-51,75.56396913528442,75.56396913528442,2701694,node08,10.0.0.8,75.56396913528442,1,"(-0.0011111111111111, 0.0444444444444444)",./exp_results/its4_10x10_large,its4_10x10_large_00048,378d8_00048
49,"saveFolder    ./exp_results/its4_10x10_large
simLabel              its4_10x10_large_00049
ou_tuple          [-0.001111111111111, 0.05]
ITS4                                31.44325
loss                                     700
dtype: object",700,1744935668,,False,1,378d8_00049,2025-04-17_20-21-08,72.92859506607056,72.92859506607056,2703103,node08,10.0.0.8,72.92859506607056,1,"(-0.0011111111111111, 0.05)",./exp_results/its4_10x10_large,its4_10x10_large_00049,378d8_00049
50,"saveFolder    ./exp_results/its4_10x10_large
simLabel              its4_10x10_large_00050
ou_tuple            [0.011111111111111, 0.0]
ITS4                                    35.0
loss                                     700
dtype: object",700,1744935670,,False,1,378d8_00050,2025-04-17_20-21-10,75.11588072776794,75.11588072776794,2703105,node08,10.0.0.8,75.11588072776794,1,"(0.0111111111111111, 0.0)",./exp_results/its4_10x10_large,its4_10x10_large_00050,378d8_00050
51,"saveFolder               ./exp_results/its4_10x10_large
simLabel                         its4_10x10_large_00051
ou_tuple      [0.011111111111111, 0.005555555555555001]
ITS4                                          28.121864
loss                                                700
dtype: object",700,1744935673,,False,1,378d8_00051,2025-04-17_20-21-13,74.08162426948547,74.08162426948547,2703262,node08,10.0.0.8,74.08162426948547,1,"(0.0111111111111111, 0.0055555555555555)",./exp_results/its4_10x10_large,its4_10x10_large_00051,378d8_00051
52,"saveFolder            ./exp_results/its4_10x10_large
simLabel                      its4_10x10_large_00052
ou_tuple      [0.011111111111111, 0.011111111111111]
ITS4                                        3.845878
loss                                             700
dtype: object",700,1744935718,,False,1,378d8_00052,2025-04-17_20-21-58,79.64914894104004,79.64914894104004,2705002,node08,10.0.0.8,79.64914894104004,1,"(0.0111111111111111, 0.0111111111111111)",./exp_results/its4_10x10_large,its4_10x10_large_00052,378d8_00052
53,"saveFolder            ./exp_results/its4_10x10_large
simLabel                      its4_10x10_large_00053
ou_tuple      [0.011111111111111, 0.016666666666666]
ITS4                                       19.320191
loss                                             700
dtype: object",700,1744935715,,False,1,378d8_00053,2025-04-17_20-21-55,74.7054591178894,74.7054591178894,2705081,node08,10.0.0.8,74.7054591178894,1,"(0.0111111111111111, 0.0166666666666666)",./exp_results/its4_10x10_large,its4_10x10_large_00053,378d8_00053
54,"saveFolder            ./exp_results/its4_10x10_large
simLabel                      its4_10x10_large_00054
ou_tuple      [0.011111111111111, 0.022222222222222]
ITS4                                       28.032258
loss                                             700
dtype: object",700,1744935716,,False,1,378d8_00054,2025-04-17_20-21-56,75.33286380767822,75.33286380767822,2705120,node08,10.0.0.8,75.33286380767822,1,"(0.0111111111111111, 0.0222222222222222)",./exp_results/its4_10x10_large,its4_10x10_large_00054,378d8_00054
55,"saveFolder               ./exp_results/its4_10x10_large
simLabel                         its4_10x10_large_00055
ou_tuple      [0.011111111111111, 0.027777777777777003]
ITS4                                          30.630824
loss                                                700
dtype: object",700,1744935715,,False,1,378d8_00055,2025-04-17_20-21-55,74.13926482200623,74.13926482200623,2705123,node08,10.0.0.8,74.13926482200623,1,"(0.0111111111111111, 0.0277777777777777)",./exp_results/its4_10x10_large,its4_10x10_large_00055,378d8_00055
56,"saveFolder            ./exp_results/its4_10x10_large
simLabel                      its4_10x10_large_00056
ou_tuple      [0.011111111111111, 0.033333333333333]
ITS4                                       31.771804
loss                                             700
dtype: object",700,1744935718,,False,1,378d8_00056,2025-04-17_20-21-58,75.2926836013794,75.2926836013794,2705320,node08,10.0.0.8,75.2926836013794,1,"(0.0111111111111111, 0.0333333333333333)",./exp_results/its4_10x10_large,its4_10x10_large_00056,378d8_00056
57,"saveFolder            ./exp_results/its4_10x10_large
simLabel                      its4_10x10_large_00057
ou_tuple      [0.011111111111111, 0.038888888888888]
ITS4                                       32.286738
loss                                             700
dtype: object",700,1744935723,,False,1,378d8_00057,2025-04-17_20-22-03,76.0069751739502,76.0069751739502,2707695,node08,10.0.0.8,76.0069751739502,1,"(0.0111111111111111, 0.0388888888888888)",./exp_results/its4_10x10_large,its4_10x10_large_00057,378d8_00057
58,"saveFolder            ./exp_results/its4_10x10_large
simLabel                      its4_10x10_large_00058
ou_tuple      [0.011111111111111, 0.044444444444444]
ITS4                                       32.804062
loss                                             700
dtype: object",700,1744935724,,False,1,378d8_00058,2025-04-17_20-22-04,74.26143336296082,74.26143336296082,2708415,node08,10.0.0.8,74.26143336296082,1,"(0.0111111111111111, 0.0444444444444444)",./exp_results/its4_10x10_large,its4_10x10_large_00058,378d8_00058
59,"saveFolder    ./exp_results/its4_10x10_large
simLabel              its4_10x10_large_00059
ou_tuple           [0.011111111111111, 0.05]
ITS4                               33.334528
loss                                     700
dtype: object",700,1744935731,,False,1,378d8_00059,2025-04-17_20-22-11,75.48724484443665,75.48724484443665,2709691,node08,10.0.0.8,75.48724484443665,1,"(0.0111111111111111, 0.05)",./exp_results/its4_10x10_large,its4_10x10_large_00059,378d8_00059
60,"saveFolder    ./exp_results/its4_10x10_large
simLabel              its4_10x10_large_00060
ou_tuple            [0.023333333333333, 0.0]
ITS4                                     0.0
loss                                     700
dtype: object",700,1744935728,,False,1,378d8_00060,2025-04-17_20-22-08,72.65172958374023,72.65172958374023,2709703,node08,10.0.0.8,72.65172958374023,1,"(0.0233333333333333, 0.0)",./exp_results/its4_10x10_large,its4_10x10_large_00060,378d8_00060
61,"saveFolder               ./exp_results/its4_10x10_large
simLabel                         its4_10x10_large_00061
ou_tuple      [0.023333333333333, 0.005555555555555001]
ITS4                                                0.0
loss                                                700
dtype: object",700,1744935773,,False,1,378d8_00061,2025-04-17_20-22-53,101.17039370536804,101.17039370536804,2711093,node08,10.0.0.8,101.17039370536804,1,"(0.0233333333333333, 0.0055555555555555)",./exp_results/its4_10x10_large,its4_10x10_large_00061,378d8_00061
62,"saveFolder            ./exp_results/its4_10x10_large
simLabel                      its4_10x10_large_00062
ou_tuple      [0.023333333333333, 0.011111111111111]
ITS4                                        0.166069
loss                                             700
dtype: object",700,1744935745,,False,1,378d8_00062,2025-04-17_20-22-25,70.0682270526886,70.0682270526886,2711153,node08,10.0.0.8,70.0682270526886,1,"(0.0233333333333333, 0.0111111111111111)",./exp_results/its4_10x10_large,its4_10x10_large_00062,378d8_00062
63,"saveFolder            ./exp_results/its4_10x10_large
simLabel                      its4_10x10_large_00063
ou_tuple      [0.023333333333333, 0.016666666666666]
ITS4                                        4.542413
loss                                             700
dtype: object",700,1744935747,,False,1,378d8_00063,2025-04-17_20-22-27,69.39058327674866,69.39058327674866,2711782,node08,10.0.0.8,69.39058327674866,1,"(0.0233333333333333, 0.0166666666666666)",./exp_results/its4_10x10_large,its4_10x10_large_00063,378d8_00063
64,"saveFolder            ./exp_results/its4_10x10_large
simLabel                      its4_10x10_large_00064
ou_tuple      [0.023333333333333, 0.022222222222222]
ITS4                                        16.95221
loss                                             700
dtype: object",700,1744935769,,False,1,378d8_00064,2025-04-17_20-22-49,73.90631222724915,73.90631222724915,2712986,node08,10.0.0.8,73.90631222724915,1,"(0.0233333333333333, 0.0222222222222222)",./exp_results/its4_10x10_large,its4_10x10_large_00064,378d8_00064
65,"saveFolder               ./exp_results/its4_10x10_large
simLabel                         its4_10x10_large_00065
ou_tuple      [0.023333333333333, 0.027777777777777003]
ITS4                                           25.25687
loss                                                700
dtype: object",700,1744935793,,False,1,378d8_00065,2025-04-17_20-23-13,73.7699568271637,73.7699568271637,2713661,node08,10.0.0.8,73.7699568271637,1,"(0.0233333333333333, 0.0277777777777777)",./exp_results/its4_10x10_large,its4_10x10_large_00065,378d8_00065
66,"saveFolder            ./exp_results/its4_10x10_large
simLabel                      its4_10x10_large_00066
ou_tuple      [0.023333333333333, 0.033333333333333]
ITS4                                       29.083632
loss                                             700
dtype: object",700,1744935838,,False,1,378d8_00066,2025-04-17_20-23-58,118.5380699634552,118.5380699634552,2713663,node08,10.0.0.8,118.5380699634552,1,"(0.0233333333333333, 0.0333333333333333)",./exp_results/its4_10x10_large,its4_10x10_large_00066,378d8_00066
67,"saveFolder            ./exp_results/its4_10x10_large
simLabel                      its4_10x10_large_00067
ou_tuple      [0.023333333333333, 0.038888888888888]
ITS4                                        30.74313
loss                                             700
dtype: object",700,1744935797,,False,1,378d8_00067,2025-04-17_20-23-17,76.87793374061584,76.87793374061584,2713690,node08,10.0.0.8,76.87793374061584,1,"(0.0233333333333333, 0.0388888888888888)",./exp_results/its4_10x10_large,its4_10x10_large_00067,378d8_00067
68,"saveFolder            ./exp_results/its4_10x10_large
simLabel                      its4_10x10_large_00068
ou_tuple      [0.023333333333333, 0.044444444444444]
ITS4                                       31.887694
loss                                             700
dtype: object",700,1744935799,,False,1,378d8_00068,2025-04-17_20-23-19,76.39424896240234,76.39424896240234,2713860,node08,10.0.0.8,76.39424896240234,1,"(0.0233333333333333, 0.0444444444444444)",./exp_results/its4_10x10_large,its4_10x10_large_00068,378d8_00068
69,"saveFolder    ./exp_results/its4_10x10_large
simLabel              its4_10x10_large_00069
ou_tuple           [0.023333333333333, 0.05]
ITS4                               32.689367
loss                                     700
dtype: object",700,1744935799,,False,1,378d8_00069,2025-04-17_20-23-19,75.87004137039185,75.87004137039185,2713863,node08,10.0.0.8,75.87004137039185,1,"(0.0233333333333333, 0.05)",./exp_results/its4_10x10_large,its4_10x10_large_00069,378d8_00069
70,"saveFolder    ./exp_results/its4_10x10_large
simLabel              its4_10x10_large_00070
ou_tuple            [0.035555555555555, 0.0]
ITS4                                     0.0
loss                                     700
dtype: object",700,1744935797,,False,1,378d8_00070,2025-04-17_20-23-17,68.81102275848389,68.81102275848389,2716644,node08,10.0.0.8,68.81102275848389,1,"(0.0355555555555555, 0.0)",./exp_results/its4_10x10_large,its4_10x10_large_00070,378d8_00070
71,"saveFolder               ./exp_results/its4_10x10_large
simLabel                         its4_10x10_large_00071
ou_tuple      [0.035555555555555, 0.005555555555555001]
ITS4                                                0.0
loss                                                700
dtype: object",700,1744935797,,False,1,378d8_00071,2025-04-17_20-23-17,68.74732971191406,68.74732971191406,2716966,node08,10.0.0.8,68.74732971191406,1,"(0.0355555555555555, 0.0055555555555555)",./exp_results/its4_10x10_large,its4_10x10_large_00071,378d8_00071
72,"saveFolder            ./exp_results/its4_10x10_large
simLabel                      its4_10x10_large_00072
ou_tuple      [0.035555555555555, 0.011111111111111]
ITS4                                        0.010753
loss                                             700
dtype: object",700,1744935801,,False,1,378d8_00072,2025-04-17_20-23-21,68.0431432723999,68.0431432723999,2717303,node08,10.0.0.8,68.0431432723999,1,"(0.0355555555555555, 0.0111111111111111)",./exp_results/its4_10x10_large,its4_10x10_large_00072,378d8_00072
73,"saveFolder            ./exp_results/its4_10x10_large
simLabel                      its4_10x10_large_00073
ou_tuple      [0.035555555555555, 0.016666666666666]
ITS4                                        0.956989
loss                                             700
dtype: object",700,1744935804,,False,1,378d8_00073,2025-04-17_20-23-24,68.69360303878784,68.69360303878784,2718407,node08,10.0.0.8,68.69360303878784,1,"(0.0355555555555555, 0.0166666666666666)",./exp_results/its4_10x10_large,its4_10x10_large_00073,378d8_00073
74,"saveFolder            ./exp_results/its4_10x10_large
simLabel                      its4_10x10_large_00074
ou_tuple      [0.035555555555555, 0.022222222222222]
ITS4                                        6.280765
loss                                             700
dtype: object",700,1744935819,,False,1,378d8_00074,2025-04-17_20-23-39,70.54886221885681,70.54886221885681,2719710,node08,10.0.0.8,70.54886221885681,1,"(0.0355555555555555, 0.0222222222222222)",./exp_results/its4_10x10_large,its4_10x10_large_00074,378d8_00074
75,"saveFolder               ./exp_results/its4_10x10_large
simLabel                         its4_10x10_large_00075
ou_tuple      [0.035555555555555, 0.027777777777777003]
ITS4                                           14.83871
loss                                                700
dtype: object",700,1744935824,,False,1,378d8_00075,2025-04-17_20-23-44,73.61873412132263,73.61873412132263,2719770,node08,10.0.0.8,73.61873412132263,1,"(0.0355555555555555, 0.0277777777777777)",./exp_results/its4_10x10_large,its4_10x10_large_00075,378d8_00075
76,"saveFolder            ./exp_results/its4_10x10_large
simLabel                      its4_10x10_large_00076
ou_tuple      [0.035555555555555, 0.033333333333333]
ITS4                                       20.930705
loss                                             700
dtype: object",700,1744935905,,False,1,378d8_00076,2025-04-17_20-25-05,132.01482892036438,132.01482892036438,2720975,node08,10.0.0.8,132.01482892036438,1,"(0.0355555555555555, 0.0333333333333333)",./exp_results/its4_10x10_large,its4_10x10_large_00076,378d8_00076
77,"saveFolder            ./exp_results/its4_10x10_large
simLabel                      its4_10x10_large_00077
ou_tuple      [0.035555555555555, 0.038888888888888]
ITS4                                       24.966547
loss                                             700
dtype: object",700,1744935851,,False,1,378d8_00077,2025-04-17_20-24-11,73.88933396339417,73.88933396339417,2721260,node08,10.0.0.8,73.88933396339417,1,"(0.0355555555555555, 0.0388888888888888)",./exp_results/its4_10x10_large,its4_10x10_large_00077,378d8_00077
78,"saveFolder            ./exp_results/its4_10x10_large
simLabel                      its4_10x10_large_00078
ou_tuple      [0.035555555555555, 0.044444444444444]
ITS4                                        27.69773
loss                                             700
dtype: object",700,1744935871,,False,1,378d8_00078,2025-04-17_20-24-31,74.33304333686829,74.33304333686829,2722258,node08,10.0.0.8,74.33304333686829,1,"(0.0355555555555555, 0.0444444444444444)",./exp_results/its4_10x10_large,its4_10x10_large_00078,378d8_00078
79,"saveFolder    ./exp_results/its4_10x10_large
simLabel              its4_10x10_large_00079
ou_tuple           [0.035555555555555, 0.05]
ITS4                               29.332139
loss                                     700
dtype: object",700,1744935877,,False,1,378d8_00079,2025-04-17_20-24-37,76.08728361129761,76.08728361129761,2722359,node08,10.0.0.8,76.08728361129761,1,"(0.0355555555555555, 0.05)",./exp_results/its4_10x10_large,its4_10x10_large_00079,378d8_00079
80,"saveFolder    ./exp_results/its4_10x10_large
simLabel              its4_10x10_large_00080
ou_tuple            [0.047777777777777, 0.0]
ITS4                                     0.0
loss                                     700
dtype: object",700,1744935870,,False,1,378d8_00080,2025-04-17_20-24-30,68.21241044998169,68.21241044998169,2722361,node08,10.0.0.8,68.21241044998169,1,"(0.0477777777777777, 0.0)",./exp_results/its4_10x10_large,its4_10x10_large_00080,378d8_00080
81,"saveFolder               ./exp_results/its4_10x10_large
simLabel                         its4_10x10_large_00081
ou_tuple      [0.047777777777777, 0.005555555555555001]
ITS4                                                0.0
loss                                                700
dtype: object",700,1744935866,,False,1,378d8_00081,2025-04-17_20-24-26,64.24534678459167,64.24534678459167,2722761,node08,10.0.0.8,64.24534678459167,1,"(0.0477777777777777, 0.0055555555555555)",./exp_results/its4_10x10_large,its4_10x10_large_00081,378d8_00081
82,"saveFolder            ./exp_results/its4_10x10_large
simLabel                      its4_10x10_large_00082
ou_tuple      [0.047777777777777, 0.011111111111111]
ITS4                                             0.0
loss                                             700
dtype: object",700,1744935868,,False,1,378d8_00082,2025-04-17_20-24-28,64.3567373752594,64.3567373752594,2723170,node08,10.0.0.8,64.3567373752594,1,"(0.0477777777777777, 0.0111111111111111)",./exp_results/its4_10x10_large,its4_10x10_large_00082,378d8_00082
83,"saveFolder            ./exp_results/its4_10x10_large
simLabel                      its4_10x10_large_00083
ou_tuple      [0.047777777777777, 0.016666666666666]
ITS4                                        0.181601
loss                                             700
dtype: object",700,1744935869,,False,1,378d8_00083,2025-04-17_20-24-29,65.624032497406,65.624032497406,2723180,node08,10.0.0.8,65.624032497406,1,"(0.0477777777777777, 0.0166666666666666)",./exp_results/its4_10x10_large,its4_10x10_large_00083,378d8_00083
84,"saveFolder            ./exp_results/its4_10x10_large
simLabel                      its4_10x10_large_00084
ou_tuple      [0.047777777777777, 0.022222222222222]
ITS4                                        2.020311
loss                                             700
dtype: object",700,1744935875,,False,1,378d8_00084,2025-04-17_20-24-35,69.40822076797485,69.40822076797485,2723313,node08,10.0.0.8,69.40822076797485,1,"(0.0477777777777777, 0.0222222222222222)",./exp_results/its4_10x10_large,its4_10x10_large_00084,378d8_00084
85,"saveFolder               ./exp_results/its4_10x10_large
simLabel                         its4_10x10_large_00085
ou_tuple      [0.047777777777777, 0.027777777777777003]
ITS4                                           6.708483
loss                                                700
dtype: object",700,1744935872,,False,1,378d8_00085,2025-04-17_20-24-32,63.0130033493042,63.0130033493042,2726189,node08,10.0.0.8,63.0130033493042,1,"(0.0477777777777777, 0.0277777777777777)",./exp_results/its4_10x10_large,its4_10x10_large_00085,378d8_00085
86,"saveFolder            ./exp_results/its4_10x10_large
simLabel                      its4_10x10_large_00086
ou_tuple      [0.047777777777777, 0.033333333333333]
ITS4                                       12.725209
loss                                             700
dtype: object",700,1744935895,,False,1,378d8_00086,2025-04-17_20-24-55,71.38155603408813,71.38155603408813,2727436,node08,10.0.0.8,71.38155603408813,1,"(0.0477777777777777, 0.0333333333333333)",./exp_results/its4_10x10_large,its4_10x10_large_00086,378d8_00086
87,"saveFolder            ./exp_results/its4_10x10_large
simLabel                      its4_10x10_large_00087
ou_tuple      [0.047777777777777, 0.038888888888888]
ITS4                                       17.854241
loss                                             700
dtype: object",700,1744935897,,False,1,378d8_00087,2025-04-17_20-24-57,68.84858131408691,68.84858131408691,2728066,node08,10.0.0.8,68.84858131408691,1,"(0.0477777777777777, 0.0388888888888888)",./exp_results/its4_10x10_large,its4_10x10_large_00087,378d8_00087
88,"saveFolder            ./exp_results/its4_10x10_large
simLabel                      its4_10x10_large_00088
ou_tuple      [0.047777777777777, 0.044444444444444]
ITS4                                        21.46595
loss                                             700
dtype: object",700,1744935916,,False,1,378d8_00088,2025-04-17_20-25-16,74.81525468826294,74.81525468826294,2728718,node08,10.0.0.8,74.81525468826294,1,"(0.0477777777777777, 0.0444444444444444)",./exp_results/its4_10x10_large,its4_10x10_large_00088,378d8_00088
89,"saveFolder    ./exp_results/its4_10x10_large
simLabel              its4_10x10_large_00089
ou_tuple           [0.047777777777777, 0.05]
ITS4                                24.39307
loss                                     700
dtype: object",700,1744935933,,False,1,378d8_00089,2025-04-17_20-25-33,74.32898163795471,74.32898163795471,2729415,node08,10.0.0.8,74.32898163795471,1,"(0.0477777777777777, 0.05)",./exp_results/its4_10x10_large,its4_10x10_large_00089,378d8_00089
90,"saveFolder    ./exp_results/its4_10x10_large
simLabel              its4_10x10_large_00090
ou_tuple                         [0.06, 0.0]
ITS4                                     0.0
loss                                     700
dtype: object",700,1744935971,,False,1,378d8_00090,2025-04-17_20-26-11,70.39114594459534,70.39114594459534,2730049,node08,10.0.0.8,70.39114594459534,1,"(0.06, 0.0)",./exp_results/its4_10x10_large,its4_10x10_large_00090,378d8_00090
91,"saveFolder    ./exp_results/its4_10x10_large
simLabel              its4_10x10_large_00091
ou_tuple        [0.06, 0.005555555555555001]
ITS4                                     0.0
loss                                     700
dtype: object",700,1744935975,,False,1,378d8_00091,2025-04-17_20-26-15,71.81071591377258,71.81071591377258,2730070,node08,10.0.0.8,71.81071591377258,1,"(0.06, 0.0055555555555555)",./exp_results/its4_10x10_large,its4_10x10_large_00091,378d8_00091
92,"saveFolder    ./exp_results/its4_10x10_large
simLabel              its4_10x10_large_00092
ou_tuple           [0.06, 0.011111111111111]
ITS4                                     0.0
loss                                     700
dtype: object",700,1744935975,,False,1,378d8_00092,2025-04-17_20-26-15,71.80845355987549,71.80845355987549,2730073,node08,10.0.0.8,71.80845355987549,1,"(0.06, 0.0111111111111111)",./exp_results/its4_10x10_large,its4_10x10_large_00092,378d8_00092
93,"saveFolder    ./exp_results/its4_10x10_large
simLabel              its4_10x10_large_00093
ou_tuple           [0.06, 0.016666666666666]
ITS4                                0.026284
loss                                     700
dtype: object",700,1744935972,,False,1,378d8_00093,2025-04-17_20-26-12,69.48460841178894,69.48460841178894,2730075,node08,10.0.0.8,69.48460841178894,1,"(0.06, 0.0166666666666666)",./exp_results/its4_10x10_large,its4_10x10_large_00093,378d8_00093
94,"saveFolder    ./exp_results/its4_10x10_large
simLabel              its4_10x10_large_00094
ou_tuple           [0.06, 0.022222222222222]
ITS4                                0.545998
loss                                     700
dtype: object",700,1744936025,,False,1,378d8_00094,2025-04-17_20-27-05,121.60271120071411,121.60271120071411,2730077,node08,10.0.0.8,121.60271120071411,1,"(0.06, 0.0222222222222222)",./exp_results/its4_10x10_large,its4_10x10_large_00094,378d8_00094
95,"saveFolder    ./exp_results/its4_10x10_large
simLabel              its4_10x10_large_00095
ou_tuple        [0.06, 0.027777777777777003]
ITS4                                 2.74313
loss                                     700
dtype: object",700,1744935977,,False,1,378d8_00095,2025-04-17_20-26-17,74.11495447158813,74.11495447158813,2730079,node08,10.0.0.8,74.11495447158813,1,"(0.06, 0.0277777777777777)",./exp_results/its4_10x10_large,its4_10x10_large_00095,378d8_00095
96,"saveFolder    ./exp_results/its4_10x10_large
simLabel              its4_10x10_large_00096
ou_tuple           [0.06, 0.033333333333333]
ITS4                                6.562724
loss                                     700
dtype: object",700,1744935982,,False,1,378d8_00096,2025-04-17_20-26-22,73.23568677902222,73.23568677902222,2730100,node08,10.0.0.8,73.23568677902222,1,"(0.06, 0.0333333333333333)",./exp_results/its4_10x10_large,its4_10x10_large_00096,378d8_00096
97,"saveFolder    ./exp_results/its4_10x10_large
simLabel              its4_10x10_large_00097
ou_tuple           [0.06, 0.038888888888888]
ITS4                               11.241338
loss                                     700
dtype: object",700,1744935981,,False,1,378d8_00097,2025-04-17_20-26-21,69.19135475158691,69.19135475158691,2730105,node08,10.0.0.8,69.19135475158691,1,"(0.06, 0.0388888888888888)",./exp_results/its4_10x10_large,its4_10x10_large_00097,378d8_00097
98,"saveFolder    ./exp_results/its4_10x10_large
simLabel              its4_10x10_large_00098
ou_tuple           [0.06, 0.044444444444444]
ITS4                               15.464755
loss                                     700
dtype: object",700,1744935985,,False,1,378d8_00098,2025-04-17_20-26-25,67.2216444015503,67.2216444015503,2730698,node08,10.0.0.8,67.2216444015503,1,"(0.06, 0.0444444444444444)",./exp_results/its4_10x10_large,its4_10x10_large_00098,378d8_00098
99,"saveFolder    ./exp_results/its4_10x10_large
simLabel              its4_10x10_large_00099
ou_tuple                        [0.06, 0.05]
ITS4                               19.026284
loss                                     700
dtype: object",700,1744935986,,False,1,378d8_00099,2025-04-17_20-26-26,67.67320442199707,67.67320442199707,2730700,node08,10.0.0.8,67.67320442199707,1,"(0.06, 0.05)",./exp_results/its4_10x10_large,its4_10x10_large_00099,378d8_00099
